能力ID,类型,触发器,冷却,参数名1,参数1,参数名2,参数2,参数名3,参数3,持续时间,名字,描述,所属流派,稀有度,可选次数,武器通用能力,是否基础能力,是否进图鉴,是否正常投放
9000,spawnBomb,move,10,,1,,0,,,,移动炸弹,移动10步后，留下1个炸弹,1200,,,,,,
9001,spawnBomb,atk,10,,1,,1,,,,进攻炸弹,攻击10次后，扔出1个炸弹,1200,,,,,,
9002,spawnBomb,hurt,0,,2,,1,,,,莫挨劳资,受伤后，扔出2个炸弹,1200,,,,,,
9003,spawnBomb,turn,50,,5,,5,,,,狂轰滥炸,每50回合，炸弹狂欢秀！,1200,2,,,,,
,,,,,,,,,,,,,,,,,,,
9005,passive,,,playerBoomDisAdd,1,playerBoomAimAdd,3,,,,延时引爆,炸弹引爆回合+3，范围+1,1200,,,,FALSE,,
9006,passive,,,bombSpawnAdd,1,,,,,,双重引线,炸弹召唤时数量+1,1200,3,,,FALSE,,
9007,passive,,,bombAtkByPlayer,1,,,,,,起爆器,炸弹不再自动引爆，而是按下道具键主动引爆,1200,2,1,,FALSE,,
9008,passive,,,bombAimEnemy,1,,,,,,小鸡炸弹,小鸡自动寻找太美的敌人,1200,3,1,,FALSE,,
9009,passive,,,playerBoomDisAdd,1,,,,,,火力炸弹,炸弹爆炸范围+1,1200,2,,,FALSE,,
9010,passive,,,bombAtkAdd,5,,,,,,强力炸弹,炸弹伤害+5,1200,,,,FALSE,,
9011,passive,,,playerBombReduce1,1,,,,,,智慧炸弹,炸弹对友军最多伤害1,1200,,1,,FALSE,,
9014,passive,,,bombCure,1,,,,,,吸血炸弹,炸弹每击中1个敌人，回复1血,1200,3,1,,FALSE,,
9015,passive,,,bombPushDmg,14,,,,,,胖胖炸弹,天呐！炸弹的推动伤害高达20点！！！,1200,2,,,FALSE,,
9017,spawnBomb,levelStartFront,0,,1,,5,,,,炸裂登场,开局前10回合，每回合扔出炸弹,1200,,,,,,
9018,passive,,,bombUnderGround,1,,,,,,地雷炸弹,炸弹会埋在地里，等待它的猎物,1200,3,1,,FALSE,,
9019,spawnBomb,activeSkill,,,1,,,,,,炸弹堂,按道具键，原地留下1个炸弹,1200,2,,,,,
9020,passive,,,playerBoomDisAdd,1,playerBoomAimAdd,-3,bombFireWorkEffect,1,,烟花炸弹,炸弹像烟花一样绽放，范围+1，引爆回合-3,1200,3,,,FALSE,,FALSE
,,,,,,,,,,,,,,,,,,,
9050,spawnBat,atk,3,,,,,,,,蝙蝠出击,攻击3次后，发射蝙蝠,1201,,,,,,
9051,spawnBat,environmentDead,1,,,,,,,,隐匿蝙蝠,场景死亡后，召唤蝙蝠,1201,3,1,,,,
9052,spawnBat,onRightInput,2,,,,,,,,右右蝠,按右键2次后，发射蝙蝠,1201,2,,,,,
9054,passive,,,batOverLapNum,2,,,,,,贯穿蝙蝠,蝙蝠贯穿次数+2,1201,,,,FALSE,,
9055,passive,,,batShootSlant,1,,,,,,散射蝙蝠,每次还会向左右散射蝙蝠,1201,,1,,FALSE,,
9056,passive,,,batShootBack,1,,,,,,背射蝙蝠,每次还会向背后发射蝙蝠,1201,,1,,FALSE,,
9057,passive,,,batShootNum,1,,,,,,蝙蝠大军,每次发射蝙蝠的数量+1,1201,3,,,FALSE,,
9058,passive,,,batShootDirOnlyUp,1,batOverLapNum,2,,,,永远向上,所有蝙蝠只向上移动，贯穿+2,1201,2,1,,FALSE,,
9059,passive,,,batShootDir4,1,batFlyShort,1,,,,四方来蝠,向4个方向发射蝙蝠，但飞行距离变短,1201,2,1,,FALSE,,
9060,spawn,levelStart,0,spawnProp,6008,,1,,,,蝙蝠包,开局掉落1个蝙蝠包,1201,,,,,,
9061,passive,,,blackSight,1,,,,,,蝙蝠之眼,洞悉黑暗,1201,2,1,,FALSE,,
9062,spawnBat,levelStartFront,0,shoot8,,,,,,,暗影登场,开局前10回合，每回合发射8向蝙蝠,1201,,,,,,
9063,spawn,levelStart,0,spawnUnit,830,,1,,,,蝙蝠之家,开局召唤1个蝙蝠洞,1201,,,,,,
9064,passive,,,fatBat,1,batOverLapNum,1,,,,胖蝙蝠,蝙蝠缓慢飞行，伤害+1，贯穿+1,1201,3,,,FALSE,,
,,,,,,,,,,,,,,,,,,,
,,,,,,,,,,,,,,,,,,,
9100,spawnLightning,move,4,,2,,,,,,闪电召唤,移动4步后，随机落下2道闪电,1202,,,,,,
9101,spawnLightning,move,20,,12,,,,,,疾走闪电,移动20步后，随机落下12道闪电,1202,,,,,,
9102,spawnLightning,unitDead,0,,7,,,,,,死亡闪电,单位死亡后，随机落下7道闪电,1202,2,,,,,
9103,spawnLightning,turn,2,,1,,,,,,永不停歇,每隔1回合落下1道闪电,1202,3,,,,,
9104,passive,,,lightningNumRange,0.5,,,,,,波动闪电,每次落下闪电数量+0%~50%,1202,,,,FALSE,,
9106,spawnLightning,lightSpawn,99,,30,,,,,,罐装闪电,召唤100道闪电后，立刻再召唤30道,1202,,,,FALSE,,
9107,passive,,,lightningNumAdd,1,lightningAtkDis,1,lightningAutoAimNum,5,,扩散闪电,闪电数量+1，且覆盖的区域扩大,1202,2,,,FALSE,,
9108,passive,,,lightningNumAdd,1,lightningAimOne,1,,,,集中闪电,闪电数量+1，且都劈向1个地方,1202,2,,,FALSE,,
9109,passive,,,lightningAutoAim,1,,,,,,自瞄闪电,每6道里有1道闪电必中,1202,3,1,,FALSE,,
9110,spawnLightning,move,100,,100,,,,,,电动力学,移动100步后，随机落下100道闪电,1202,3,,,,,
9111,passive,,,lightningKillRate,0.01,,,,,,死亡处决,闪电有1%概率造成999伤害,1202,2,,,FALSE,,
9113,spawnLightning,lightningOnHit,0,,1,,,,,,连锁闪电,闪电击中单位后，再落下1道闪电,1202,2,,,FALSE,,
9114,spawnLightning,levelStartFront,0,,5,,,,,,闪亮登场,开局前10回合，每回合落下5道闪电,1202,,,,,,
9115,passive,,,lightningDamgeAdd,1,,,,,,闪电之怒,闪电伤害+1,1202,3,,,FALSE,,
,,,,,,,,,,,,,,,,,,,
,,,,,,,,,,,,,,,,,,,
,,,,,,,,,,,,,,,,,,,
9150,spawn,atk,30,spawnUnit,0,,1,,,,魔王兵,攻击30次召唤小兵,1203,,,,,,
9151,spawn,levelStart,,spawnUnit,22,,1,,,,花园守卫,开局召唤1只食人花,1203,,,,,,
9152,spawn,move,30,spawnUnit,10,,1,selfPos,,,满地滑滑,移动30步留下史莱姆,1203,,,,,,
,,,,,,,,,,,,,,,,,,,
9154,spawn,levelStart,,spawnUnit,1,,2,,,,斧头帮,开局召唤2只斧兵,1203,2,,,,,
9155,spawn,levelStart,,spawnUnit,111,,1,,,,露露,陛下，我来帮您！,1203,3,1,,,,
9156,passive,,,hurtGiveFriend,1,,,,,,替死娃娃,受伤时献祭1个队友，让伤害降为1,1203,2,1,,FALSE,,
9157,passive,,,friendHPmaxAdd,10,,,,,,防守祝福,队友血量+10,1203,,,,FALSE,,
9158,passive,,,friendAtkAdd,3,,,,,,进攻祝福,队友攻击+3,1203,,,,FALSE,,
9159,spawnBomb,friendDead,,,1,,0,,,,自爆小队,队友死亡后留下炸弹,1203,,,,FALSE,,
9160,passive,,,playerCureFriend,1,,,,,,纳米激素,普攻队友使其攻击+1,1203,2,,,FALSE,,
9161,passive,,,friendHitCure,3,,,,,,互帮互助,友军伤害变为+3血量,1203,3,,,FALSE,,
9162,spawn,levelStart,,spawnUnit,113,,1,,,,大大嘴花,开局召唤1只大大嘴花,1203,3,,,,,
9163,buff,activeSkill,,cureBuff,2,randomFriend,1,,,,吃瓜魔王,按道具键为随机队友恢复2血,1203,2,,,FALSE,,
9164,spawn,levelStart,,spawnEnemyCopy,,,1,,,,拟态泥,开局复制1个小怪作为队友,1203,,,,,,
9165,passive,,,friendNumMax,4,,,,,,扩军令,队友上限+4,1203,2,,,FALSE,,
9166,passive,,,friendNumMax,-999,friendHPmaxAdd,30,friendAtkAdd,6,,最强小弟,友军数量上限为1，血量+30，攻击力+6,1203,2,1,,FALSE,,
,,,,,,,,,,,,,,,,,,,
9200,buff,atk,20,burnBuff,,,,,,,炎拳,攻击20次烧伤敌人,1204,,,,,,
9201,passive,,,burnInfectRate,0.5,,,,,,星星之火,燃烧的卡片会引燃附近的卡片,1204,3,,,FALSE,,
9202,spawn,move,30,spawnUnit,222,,1,selfPos,,,烧烧果实,移动30次留下岩浆,1204,,,,,,
9203,buff,levelStart,0,burnBuff,,randomEnemy,3,,,,火热登场,开局点燃3个单位,1204,,,,,,
9204,buff,unitDead,0,burnBuff,,nearBy,1,,,,传播之火,单位死亡时点燃附近敌人,1204,2,1,,,,
9205,passive,,,burnTime,10,,,,,,不灭之火,燃烧持续回合+10,1204,,,,FALSE,,
9206,buff,dodge,,burnBuff,,,,,,,闪避之火,闪避时点燃敌人,1204,,,,,,
9207,passive,,,burnDamage,1,,,AddSkin,5,,我好烧,燃烧伤害+1,1204,2,,,FALSE,,
9208,passive,,,playerBurnAtkAdd,2,,,,,,恶灵骑士,魔王处于燃烧状态时，攻击力+2,1204,2,,,FALSE,,
9209,passive,,,playerRebornInFire,1,,,,,,浴火重生,魔王在燃烧状态时死亡，立即以1血复活,1204,3,1,,FALSE,,
9210,passive,,,burnDamageWhenHpLow,2,,,,,,燃尽了,玩家血量低于15时，燃烧伤害+2,1204,2,,,FALSE,,
9211,buff,move,20,burnBuff,,nearBy,2,,,,老炎腿,边走边燃,1204,3,1,,,,
9212,passive,,,burnNoDmg,1,,,,,,火之心,魔王处于燃烧状态时，不再受到其他伤害,1204,2,1,,FALSE,,
,,,,,,,,,,,,,,,,,,,
,,,,,,,,,,,,,,,,,,,
9250,buff,atk,20,freezeBuff,,,,,,,冰拳,攻击20次冰冻敌人,,,,,,,FALSE
,,,,,,,,,,,,,,,,,,,
9350,spawn,move,20,spawnShruiken,,,3,,,,手里暗器,移动20次掉落3个手里剑,1205,,,,,,
9351,spawn,levelStart,,spawnShruiken,,,10,,,,有备而来,开局掉落10个手里剑,1205,,,,,,
9352,spawn,dodge,,spawnShruiken,,,4,,,,幻影暗器,闪避后掉落4个手里剑,1205,,,,,,
9353,spawn,unitDead,,spawnShruiken,,,1,,,,血中暗器,单位死亡后掉落手里剑,1205,2,,,,,
9354,spawn,environmentDead,,spawnShruiken,,,1,,,,藏叶于林,环境死亡后掉落手里剑,1205,3,,,,,
9355,passive,,,shurikenNumAdd,1,,,,,,暗器多多,手里剑掉落+1,1205,,,,FALSE,,
,,,,,,,,,,,,,,,,,,,
9357,passive,,,shurikenHelpGet,1,,,,,,铁蒺藜,敌人踩中手里剑会受伤，并且收集,1205,2,1,,FALSE,,
9358,passive,,,shurikenSpawnFreezeRate,0.1,,,,,,冰冻手里剑,手里剑有概率收集时冰冻附近敌人,1205,2,,,FALSE,,
9359,passive,,,shurikenBackRate,0.3,,,,,,无限暗器,丢出的手里剑返还30%,1205,3,,,FALSE,,
9360,passive,,,shurikenGetMore,7,,,,,,屯屯忍者,每积攒20个手里剑，额外积攒7个,1205,2,,,FALSE,,
9361,passive,,,shurikenAtkMore,2,,,,,,众生平等,手里剑攻击将平摊到更远的目标,1205,3,,,FALSE,,
9362,buff,resourceLap,,atkBuff,1,self,,int,,,拾荒之道,拾取任何资源后，伤害+1,1205,3,,,,,
,,,,,,,,,,,,,,,,,,,
,,,,,,,,,,,,,,,,,,,
9400,spawn,levelStart,0,spawnProp,0,,1,,,,道具背包,开局掉落1个道具,1206,,,,,,
9401,spawn,bossLvStart,0,spawnProp,0,,3,,,,精英背包,BOSS战开始时掉落3个道具,1206,,,,,,
9402,spawn,enemyDead,14,spawnProp,0,,1,,,,搜刮奖励,击杀14个敌人后掉落道具,1206,,,,,,
9403,passive,,,AddPropMaxNum,1,,,,,,背包扩充,道具槽位+1,1206,2,,,,,
9404,passive,,,propNoDead,1,,,,,,神奇背包,使用道具时，25%概率不消耗,1206,3,1,,,,
9405,passive,,,propHandleTwice,1,,,,,,回响形态,道具会多触发1次道具会多触发1次,1206,2,1,,,,
9406,spawn,propUse,6,spawnProp,0,,1,,,,道具套娃,使用6个道具后，获得1个道具,1206,2,,,,,
9407,buff,propUse,,invincibleBuff,6,self,,,,,无敌道具,使用道具后，无敌6回合,1206,2,2,,,,
9408,spawn,propUse,12,spawnUnit,809,,1,,,,宝箱之道,使用12个道具后，获得1个紫宝箱,1206,3,,,,,
9409,spawn,isOnce,,spawnProp,0,,3,,,,道具展览,立刻获得3个道具,1206,,,,,,
9410,spawn,onTreasureOpen,,spawnProp,0,,1,,,,嘎嘎搜刮,开宝箱时，获得1个道具,1206,2,,,,,
,,,,,,,,,,,,,,,,,,,
,,,,,,,,,,,,,,,,,,,
,,,,,,,,,,,,,,,,,,,
9450,spawn,move,12,spawnTree,0,,1,selfPos,,,植树王,移动12次后生成树木,1207,,,,,,
9451,spawn,move,20,spawnUnit,812,,1,selfPos,,,森林滚石,移动20步留下1个滚石,1207,,,,,,
9452,spawn,unitDead,,spawnTree,0,,1,targetPos,,,生死轮回,单位死后生成树木,1207,,,,,,
9453,buff,environmentDead,,atkBuff,1,self,,int,,,飞叶快刀,环境被破坏，伤害+1,1207,,,,,,
9454,spawn,activeSkill,,spawnTree,0,,1,targetPos,,,手动植树,按道具键生成树木,1207,2,,,,,
9455,spawn,environmentDead,5,spawnTree,0,,1,targetPos,,,生生不息,破坏5个环境后留下树木,1207,,,,,,
9456,passive,,,playerTreeDamageAdd,1,,,,,,伐木王,对环境造成的伤害+100%,1207,,,,,,
9457,passive,,,spawnTreeAdd,1,,,,,,树木多多,生成树木+1,1207,,,,FALSE,,
9458,passive,,,environCanPush,1,pushDamage,3,,,,万物有灵,环境都可以被推动，推动伤害+3,1207,2,1,,,,
9459,passive,,,environAtkTogether,1,,,,,,驾驭自然,攻击时，相邻的环境会一起攻击,1207,3,1,,,,
9460,passive,,,environAppleAddHPMax,1,,,,,,苹果魔王,满血时吃苹果增加生命上限,1207,2,1,,,,
9461,passive,,,environHurtBack,3,,,,,,荆棘森林,破坏树木的敌人会受到3点伤害,1207,2,,,FALSE,,
9462,spawn,levelStart,,spawnTree,10,,20,selfPos,,,我即森林,开局生成20棵树木,1207,3,,,,,
9463,passive,,,environSaveDead,1,,,,,,环境替死,受伤时，改为随机破坏5棵树,1207,3,1,,,,
,,,,,,,,,,,,,,,,,,,
,,,,,,,,,,,,,,,,,,,
9300,buff,turn,50,invincibleBuff,8,self,,,,,魔王屏障,每50回合，无敌8回合,1208,,2,,,,
9301,buff,dodge,0,invincibleBuff,6,self,,,,,无敌闪避,闪避后，无敌6回合,1208,,2,,,,
9302,buff,hurt,0,invincibleBuff,8,self,,,,,复仇屏障,受伤后，无敌8回合,1208,,2,,,,
9303,spawn,levelStart,0,spawnProp,6002,,1,,,,无敌泡泡,开局获得1个无敌泡泡道具,1208,2,,,,,
9304,passive,,,invincibleHurtBack,1,,,,,,全数奉还,无敌时被攻击，伤害返还+100%,1208,,,,FALSE,,
9305,passive,,,invincibleTimeAdd,1,,,,,,延长秘法,无敌回合+1,1208,,,,FALSE,,
9306,passive,,,invincibleAutoParry,1,AddAtk,-1,,,,不动明王,无敌时会自动弹反，攻击力-1,1208,3,1,,FALSE,,
9307,buff,levelStart,,invincibleBuff,20,self,,,,,无敌登场,开局无敌20回合,1208,2,,,,,
9308,passive,,,invincibleHurtCure,1,,,,,,挨打疗法,无敌时被攻击，血量+1,1208,3,,,FALSE,,
9309,passive,,,unInvincibleAtkAdd,-1,invincibleAtkAdd,2,,,,双面魔王,无敌时攻击力+2，不无敌时攻击力-1,1208,2,,,FALSE,,
9310,buff,playerReborn,,invincibleBuff,40,self,,,,,杀出冥界,死里逃生后，无敌40回合,1208,,,,,,
9311,passive,,,parryDmgAddWhenInvincible,5,,,,,,金色骨盾,无敌时，弹反造成伤害+5,1208,,,,FALSE,,
9312,buff,getInvincible,,freezeBuff,,nearBy,1,,,,无敌冰骨,进入无敌时，冰冻周围单位,1208,,1,,FALSE,,
,,,,,,,,,,,,,,,,,,,
,,,,,,,,,,,,,,,,,,,
9551,spawn,levelStart,,spawnUnit,831,,2,,,,开局炮台,开局召唤2个史莱姆炮台,1210,,,,,,
9552,spawn,atk,15,spawnUnit,831,,1,,,,进攻炮台,攻击15次后召唤1个史莱姆炮台,1210,,,,,,
9553,spawn,move,25,spawnUnit,831,,1,,,,疾走炮台,移动25步召唤1个史莱姆炮台,1210,,,,,,
9554,spawn,levelStart,,spawnProp,6019,,1,,,,便携炮台,开局获得1个便携炮台道具,1210,,,,,,
9555,spawn,activeSkill,10,spawnUnit,831,,1,,,,呼叫空投,按10次道具键召唤1个史莱姆炮台,1210,3,,,,,
9556,spawn,turn,100,spawnUnit,831,,5,,,,炮兵队,每100回合召唤5个史莱姆炮台,1210,2,,,,,
9557,passive,,,cannonAtkDis,1,,,,,,远射炮台,炮台索敌范围+1,1210,,,,FALSE,,
9558,passive,,,cannonShootNum,1,,,,,,多发弹匣,炮台发射子弹数量+1,1210,,,,FALSE,,
9559,passive,,,cannonDullTime,-1,,,,,,滑滑冷却,炮台冷却所需回合数-1,1210,,,,FALSE,,
9560,passive,,,cannonAtkDis,2,cannonShootNum,1,cannonHpMax,-20,,玻璃大炮,炮台索敌范围+2，子弹数量+1，血量-20,1210,2,,,FALSE,,
9561,passive,,,cannonBulletScale,1,,,,,,大大子弹,史莱姆子弹大小+1,1210,3,,,FALSE,,
9562,passive,,,cannonReborn,1,,,,,,复生炮台,炮台死亡后50%概率复活,1210,2,1,,FALSE,,
9563,passive,,,cannonAutoCure,1,,,,,,自我愈合,炮台每回合自动回复1血,1210,2,,,FALSE,,
9564,passive,,,cannonHitAtk,1,,,,,,手动档,玩家攻击炮台时，立刻发射子弹,1210,3,1,,FALSE,,
,,,,,,,,,,,,,,,,,,,
,,,,,,,,,,,,,,,,,,,
9999,passive,,,AddAtk,1,,,,,,愤怒之力,攻击力+1（你懂这个含金量吗？）,1299,3,,,,,
9998,passive,,,playerSkillCoolDown,1,,,,,,魔王冷却,所有能力冷却-1,1299,3,,,,,
9997,passive,,,AddHpMax_ONCE,10,,,,,,魔王心,血量上限+10,1299,3,,,,,FALSE
9996,spawn,isOnce,,spawnUnit,810,,1,randomBomb,,,赌一把,50%获得金宝箱，50%获得炸弹,1299,,,,,,
9995,spawn,isOnce,,spawnProp,6004,,1,,,,一袋苹果,获得1袋苹果,1299,,,,,,FALSE
9994,spawn,move,25,spawnUnit,901,,1,selfPos,,,刺刺乐,移动25步留下陷阱,1299,2,,,,,FALSE
9993,passive,,,,,,,,,,魔王之魂碎片,被魔神深深的诅咒着，散播不详的气息,1299,3,,,,,FALSE
9992,passive,,,showEnemyHp,1,AddHpMax_ONCE,3,AddSkin,3,,魔王墨镜,可以随时看见敌人的血量，血量上限+3,1299,,1,,,,
9991,passive,,,PlayerCanFly,1,,,AddSkin,1,,小鸟魔王,飞吧，魔王,1299,3,1,,,,
9990,passive,,,ChangePlayerSight,3,AddHpMax_ONCE,3,,,,核能手电,视野+3，血量上限+3,1299,,,,,,
9989,passive,isOnce,,GoldApple,99,,,,,,金苹果,超级稀有的苹果！！血量+99,1299,3,,,,,
9988,passive,,,AddMoneyRandom_ONCE,7,,,,,,金币袋,金币+7~14,1299,,,,,,
9987,passive,,,nextChapterHaveMofei_ONCE,1,,,,,,墨菲之眼,下一章必定出现铁匠房间,1299,2,1,,,,
9986,other,isOnce,,addKey,1,,,,,,钥匙,1个钥匙,1299,,,,,FALSE,FALSE
9985,spawn,levelStart,0,spawnUnit,802,,2,,,,推推乐,开局召唤2个箱子,1299,2,,,,,FALSE
9984,passive,,,ChangePlayerSight,-5,AddAtk,2,AddSkin,2,,铁桶魔王,视野-5，攻击力+2,1299,3,1,,,,
9983,passive,,,playerHpMaxAtkAdd,1,,,,,,我赢了,满血时，攻击力+1,1299,2,,,,,FALSE
9982,passive,,,playerHPLowAtkAdd,2,,,,,,我急了,1血时，攻击力+2,1299,2,,,,,FALSE
9981,,,,,,,,,,,金骷髅,金骷髅的icon,,,,,,FALSE,FALSE
9980,passive,,,playerDefendFromLeft,0.5,,,,,,左手盾,对来自左侧的攻击减伤50%,1299,2,1,,,,
9979,passive,,,playerAtkAddOnRight,1,,,,,,右手剑,向右攻击时，攻击力+1,1299,2,,,,,
9978,spawn,isOnce,,spawnUnit,809,,1,,,,紫宝箱,获得1个紫宝箱,1299,,,,,,
9977,spawn,isOnce,,spawnUnit,810,,1,,,,金宝箱,获得1个金宝箱,1299,2,,,,,
9976,spawn,isOnce,,spawnUnit,811,,1,,,,红宝箱,获得1个红宝箱,1299,3,,,,,
9975,passive,,,ChangeGameSpeed,0.2,,,,,,小急,开启1.2倍速,1299,2,,,,,FALSE
9974,passive,,,ChangeGameSpeed,1,,,,,,急急急急,开启2倍速,1299,2,,,,,FALSE
9973,passive,,,ChangeDefence,0.5,AddAtk,-1,AddSkin,4,,龟壳魔王,受到的伤害减半，攻击力-1,1299,3,1,,,,
9972,passive,,,killAllEnvironment,1,,,,,,天使斗篷,一击必杀所有环境,1299,3,1,,,,
9971,passive,,,AddSaveDead_ONCE,9,AddHpMax_ONCE,-9999,,,,猫神祝福,最大血量降为1，但是复活次数+9,1299,3,,,,,FALSE
9970,passive,,,AddSaveDead_ONCE,1,,,,,,复活币,复活次数+1,1299,3,,,,,
9969,spawn,levelStart,,spawnUnit,30,,1,,,,愤怒的小鸡,开局召唤愤怒的小鸡,1299,3,,,,,FALSE
9968,passive,,,playerCameraSight,0.7,AddHpMax_ONCE,3,AddSkin,6,,大眼魔王,可以看的更远，最大血量+3,1299,,,,,,
9967,passive,,,cantParryOrDodge,1,playerDefendInt,1,,,,大理石甲,无法再闪避弹反，受到伤害-1,1299,2,,,,,
9966,spawn,activeSkill,,spawnDemonFire,,,1,needSoul,1,,灵魂之火,按道具键消耗1灵魂召唤魔神剑气,1299,2,,,,,
9965,spawn,levelStart,,spawnUnit,237,,1,,,,硬币之力,开局召唤1个电磁炮硬币,1299,2,,,,,FALSE
9964,spawn,isOnce,,spawnPropBox,,,,,,,道具袋,打开1个道具袋,1299,,,,,,
9963,passive,playerReborn,,AddHpMax,10,,,,,,勇气三角,死里逃生后，血量上限+10,1299,2,,,,,
9962,other,activeSkill,,flash,2,,,,,,恶魔斗篷,按道具键闪现,1299,3,1,,,,
9961,passive,,,everyLvDefenceTime,1,,,,,,魔王十字,每次战斗免伤1次,1299,3,1,,,,
9960,passive,,,cantGetMoney,1,AddAtk,2,,,,灵体魔王,攻击+2，不能再获得任何金币,1299,3,1,,,,
9959,passive,,,cantCure,1,AddAtk,2,,,,绽放魔王,攻击+2，之后将无法再回血,1299,3,1,,,,
9958,passive,,,ChangeDefence,2,AddAtk,2,,,,红眼魔王,攻击力+2，受到的伤害翻倍,1299,3,,,,,
9957,passive,,,shurikenGetDis,1,,,,,,万磁王,所有资源吸附距离+1,1299,,,,,,
9956,passive,,,AddMoneyNum_ONCE,30,,,,,,超多金币,金币+30,1299,3,,,,,FALSE
9955,passive,,,AddMoneyNum_ONCE,10,,,,,,大量金币,金币+10,1299,2,,,,,FALSE
9954,passive,,,AddMoneyNum_ONCE,1,,,,,,小金币,金币+1,1299,1,,,,FALSE,FALSE
9953,passive,,,birdGetMoney,1,,,,,,黄金鸟,小鸟起飞留下金币,1299,2,,,,,
9952,passive,,,abilityNumMore,1,,,,,,选择困难症,能力选项+1,1299,2,1,,,,
9951,passive,,,,,,,,,,传奇龙蛋,获得1个特殊的传奇龙蛋,1299,3,1,,,,FALSE
9950,passive,,,AddHP_ONCE,-20,addHpMaxByLevel,1,,,,天选芝士,失去20血量，之后每场战斗血量上限+1,1299,3,,,,,FALSE
9949,passive,,,luluAutoSuper,2,,,,,,露露按摩仪,露露代打时，攻击力+2，减伤50%,1299,3,1,,,,FALSE
,,,as,,,,,,,,,,,,,,,,
8000,passive,,,AddHpMax_ONCE,3,,,,,,抱抱魔王,QAQ您没有武器，那就抱一下吧,1399,3,,,,,
,,,,,,,,,,,,,,,,,,,
8002,passive,,,rateAtkUp,1,,,,,,简单锻造,攻击有50%概率伤害+1,1300,3,,TRUE,,,
,,,,,,,,,,,,,,,,,,,
8010,passive,,,weaponStrikeDis,99,,,,,,超远突刺,突刺距离+99,1301,3,1,,,,
8011,passive,,,weaponStrikeStartDis,1,,,,,,隔空突刺,间隔1格也能突刺敌人,1301,3,,,,,
8012,buff,unitDead,,atkBuff,2,self,,,,,连杀奖励,单位死亡后，下次普攻+200%伤害,1301,3,,TRUE,,,
8013,spawnLightning,atk,,,1,,,,,,闪电枪,普攻召唤1道闪电,1301,3,,TRUE,,,
8014,passive,,,strikeDisAddDmg,1,,,,,,枪出游龙,突刺距离越远，伤害越高,1301,3,,,,,
8015,passive,,,strikeRepeatAddDmg,1,,,,,,猎杀时间,反复突刺时，伤害递增,1301,3,,,,,
,,,,,,,,,,,,,,,,,,,
8020,passive,,,playerAtkDisAdd,1,,,,,,远焦眼球,激光射程+1,1302,3,,,,,
8021,passive,,,lasyerDisAdd,2,,,,,,狙击炮,激光长度+2（不影响索敌）,1302,3,,,,,
8022,passive,,,lasyerBack,1,,,,,,背后有眼,向背后发射光束,1302,3,1,,,,
8023,passive,,,farDisAtkUp,3,,,,,,压力炮,对距离2以外的敌人造成高额伤害,1302,3,,,,,
8024,passive,,,lasyerThree,1,,,,,,激光列阵,额外发射+2列光束，伤害略低,1302,3,,,,,
8025,passive,,,lasyerBackDis,1,lasyerBackDamage,10,lasyerBackAtk,1,,致命反冲,后坐力距离+1，后坐力伤害+10,1302,3,,,,,
,,,,,,,,,,,,,,,,,,,
8030,passive,,,playerOtherAtkMore,1,,,,,,音速拳,连击+1（伤害可能降低一点点，别怕）,1303,3,,,,,
8031,buff,atk,20,atkBuff,10,self,,,,,核爆拳,第20下攻击造成1000%伤害,1303,3,,TRUE,,,
8032,selfUnit,atk,20,atkMore,7,,,,,,欧拉欧拉,第20下攻击连击7次,1303,3,,,,,
8033,passive,,,playerAtkOverPush,1,,,,,,击退拳,普攻最后一击击退敌人,1303,3,1,,,,
8034,passive,,,playerAtkAddRange,1,,,,,,波动拳,伤害看脸,1303,3,,,,,
,,,,,,,,,,,,,,,,,,,
8040,passive,,,weaponChargingNum,99,,,,,,无限蓄力,按住初始方向可以无限蓄力,1304,3,1,,,,
8041,passive,,,chargingDefense,1,,,,,,石中之剑,蓄力时，减免70%伤害,1304,3,1,,,,
8042,spawnBomb,chargeAtk,,,1,,5,,,,轰翻天,蓄力攻击向远处投掷炸弹,1304,3,,,,,
8043,passive,,,weaponChargingNum,-99,AddAtk,-1,,,,无需蓄力,开始快乐，我的朋友,1304,3,1,,,,
8044,passive,,,rotateAtkDis,1,mustChargeNum,3,,,,超级大剑,蓄力回合+3，范围+1,1304,3,,,,,
8045,passive,,,swordAtkLatticeNum,99,,,,,,屠龙大剑,攻击大体型卡片，对多格都造成伤害,1304,3,1,TRUE,,,
,,,,,,,,,,,,,,,,,,,
8050,passive,,,arrowNum,20,,,,,,重型弹匣,弹匣+20发,1305,3,,,,,
8051,passive,,,arrowShootSlant,1,reloadingNum,3,,,,散射连弩,同时斜向射击，装弹时间+3,1305,3,1,,,,
8052,passive,,,arrowShootNum,1,reloadingNum,3,,,,连发压制,同时射出子弹+1，装弹时间+3,1305,3,,,,,
8053,passive,,,moveStep,1,,,,,,高速移动,每回合可以移动步数+1,1305,3,,TRUE,,,
8054,passive,,,arrowThroughNum,3,,,,,,贯穿子弹,连弩子弹贯穿+3,1305,3,,,,,
8055,passive,,,arrowAlwaysRight,1,,,,,,神之右手,子弹永久向右发射,1305,3,1,,,,
,,,,,,,,,,,,,,,,,,,
8060,buff,parry,0,invincibleBuff,5,self,,,,,无敌弹反,弹反后无敌5回合,1306,3,,TRUE,,,
8061,passive,,,playerRushDis,1,,,,,,超级突进,突进距离+1,1306,3,,,,,
8062,passive,,,canParrySide,1,,,,,,灵活盾反,可以从侧面弹反敌人,1306,3,1,TRUE,,,
8063,passive,,,playerParryDamage,2,playerParryVertigoTime,2,,,,超级盾反,盾反额外造成2倍伤害，眩晕回合+2,1306,3,,TRUE,,,
8064,passive,,,rushMoreRush,1,,,,,,横冲直撞,突进之后必定再次突击1次,1306,3,,,,,
8065,passive,,,backNoDmg,1,,,,,,屁股盾,免疫来自背面的任何伤害,1306,3,1,TRUE,,,
,,,,,,,,,,,,,,,,,,,
8070,passive,,,behindAtk,2,,,,,,背刺大师,背刺伤害倍率+200%,1307,3,,,,,
8071,passive,,,hideBehindAtkAdd,10,,,,,,潜行大师,20回合不攻击，下次背刺伤害倍率+1000%,1307,3,,,,,
8072,passive,,,atkSpeedAdd,-0.3,,,,,,连击大师,攻速+30%（这是回合制游戏吗？）,1307,3,,TRUE,,,
8073,buff,dodge,0,atkBuff,2,self,,,,,闪避大师,闪避后，下次伤害+200%,1307,3,,TRUE,,,
8074,passive,,,dodgeFlashBack,1,,,,,,绕后大师,闪避后瞬移到目标背后,1307,3,1,,,,
8075,passive,,,addBackRange,1,,,,,,侧翼偷袭,侧面也算背面,1307,3,1,,,,
,,,,,,,,,,,,,,,,,,,
8090,passive,,,killBossAddBody,1,,,,,,精英猎杀,击败boss后+1节身体,1309,3,,,,,
8091,spawn,atk,20,spawnBody,209,,1,temporary,,,血盆大口,攻击20次临时+1节身体,1309,3,,,,,
8092,passive,,,playerBodyScale,1,playerBodyAtk,-2,ChangeBodyScale_ONCE,,,大胖蛇,身体大小+1，伤害-2,1309,3,1,,,,
8093,passive,,,playerBodyAtkAdd,3,,,,,,蛇之身躯,在身体里，头的攻击力+3,1309,3,,,,,
8094,spawn,isOnce,,spawnBody,209,,3,,,,备用身躯,立即获得3节身体,1309,3,,,,,
8095,passive,,,playerBodyTileAtk,5,,,,,,彩虹鱼尾,鱼尾的伤害+5,1309,3,,,,,
,,,,,,,,,,,,,,,,,,,
8100,passive,,,cherry4Range,1,,,,,,禁忌4连,第4式范围+1,1310,3,1,,,,
8101,passive,,,cherryStrikeDis,99,,,,,,突刺斩,第3式的可突刺距离+99,1310,3,1,,,,
8102,passive,,,cherryComboNotStop,1,,,,,,无尽连斩,连斩招式不会因为移动而中断,1310,3,1,,,,
8103,passive,,,cherryComboBlood,1,,,,,,血之突刺,第3式吸取敌人1血,1310,3,,,,,
8104,passive,,,cherryComboDamage,3,,,,,,血之诅咒,低于10血时，连斩每斩伤害+3,1310,3,,,,,
,,,,,,,,,,,,,,,,,,,
8080,passive,,,scytheDis,1,,,,,,死亡扩张,挥斩范围+1,1308,3,,,,,
8081,passive,,,scytheTime,1,,,,,,二连斩,挥斩次数+1,1308,3,,,,,
8082,other,activeSkill,,scytheRepeat,1,,,,,,暗影斩,闪现后，重复上次挥斩,1308,3,,,,,
8083,passive,,,deadCureRate,1,,,,,,鲜血收割,敌人死亡25%概率血量+1,1308,3,,TRUE,,,
8084,passive,,,scytheCross,1,,,,,,十字镰刀,额外斩击十字区域,1308,3,1,,,,
,,,,,,,,,,,,,,,,,,,
8110,other,activeSkill,,moneyAtk,1,,,,,,躺赢,按道具键自动丢出金币,1311,3,1,,,,
8111,passive,,,moneyAtkNum,1,,,,,,金子雨,攻击时多1个消耗金币，多打击1个敌人,1311,3,,,,,
8112,passive,,,money10AtkAdd,1,,,,,,钞能力,每有10金币，金币伤害+1,1311,3,,,,,
8113,passive,,,moneyLimitMaxAdd,99,AddMoneyNum_ONCE,20,,,,魔王私房钱,立即获得20金币，金币上限+99,1311,3,,TRUE,,,
8114,passive,,,moneyGetAtkup,1,,,,,,纪念币,获得金币后，伤害+1,1311,3,,TRUE,,,
8115,passive,,,moneyCanFu,1,ChangeDefence,2,,,,赊账狂徒,受到伤害翻倍，金币允许为负数,1311,3,1,TRUE,,,
,,,,,,,,,,,,,,,,,,,
8120,passive,,,hummerAtkTime,1,,,,,,连续火腿,火腿多砸1次后再进入后摇,1312,3,,,,,
8121,passive,,,hummerRange,1,,,,,,大大火腿,火腿棒砸地范围+1,1312,3,,,,,
8122,passive,,,hummerNoDull,1,,,,,,节奏火腿,顺时针攻击，就不会进入后摇,1312,3,1,,,,
8123,passive,,,hummerRush,2,,,,,,借力翻滚,后摇结束时翻滚2格,1312,3,,,,,
8124,spawn,atk,3,spawnUnit,812,,1,,,,裂地猛击,砸地落下滚石,1312,3,,,,,
,,,,,,,,,,,,,,,,,,,
8130,passive,,,demonSwordRange,1,,,,,,自动索敌,魔神剑索敌范围+1，有框你不打吗？,1313,3,,,,,
8131,passive,,,demonSwordWithFire,1,,,,,,火之高兴,闪现攻击带燃烧,1313,3,1,,,,
,,,,,,,,,,,,,,,,,,,
8133,passive,,,demonSwordFlashBack,1,,,,,,无影斩,魔神剑会闪到敌人身后攻击,1313,3,1,,,,
8134,passive,,,demonSwordMustFlash,1,,,,,,一方通行,即便没有空位也会强行闪现过去,1313,3,1,,,,
8135,passive,,,demonSwordAtkSpawnBullet,1,,,,,,魔神剑气,闪现攻击召唤1个魔神剑气,1313,3,,,,,
,,,,,,,,,,,,,,,,,,,
8150,passive,,,avatarNum,1,,,,,,木偶军团,木偶数量+1,1315,3,,,,FALSE,
8151,passive,,,avatarAtkAdd,3,AddAtk,-1,,,,提线木偶,攻击力-1，木偶攻击+2,1315,3,,,,FALSE,
8152,passive,,,avatarHpCure,5,,,,,,自我修复,木偶吸血+5,1315,3,,,,FALSE,
8153,passive,,,avatarDeadInstead,1,,,,,,亦真亦幻,死亡时，以半血在木偶处复活,1315,3,1,,,FALSE,
,,,,,,,,,,,,,,,,,,,
8160,passive,,,whipCoolDown,-1,,,,,,疯狂触手,触手攻击间隔-1,1316,3,2,,,FALSE,
8161,passive,,,whipAtkNum,1,AddAtk,-1,,,,触手多多,触手+1，攻击力-1,1316,3,,,,FALSE,
8162,passive,,,whipAtkDis,2,,,,,,我的领域,触手索敌距离+2,1316,3,,,,FALSE,
8163,other,move,100,timeStop,10,,,,,,凝视深渊,移动100步后时停10回合,1316,3,,TRUE,,FALSE,
,,,,,,,,,,,,,,,,,,,
8170,passive,,,dragonScale,1,dragonAtkAdd,-1,ChangeDragonScale_ONCE,,,大胖龙,龙宝宝体型+1，攻击力-1,1317,3,,,,FALSE,
8171,passive,,,dragonAutoDmg,1,,,,,,龙之威压,龙宝宝自动对重合的单位造成伤害,1317,3,,,,FALSE,
8172,passive,,,dragonAtkRange,1,,,,,,伸缩骨,龙宝宝攻击距离+1,1317,3,,,,FALSE,
8173,passive,,,dragonAtkAdd,3,AddAtk,-1,,,,相信着你,龙宝宝攻击力+3，玩家攻击力-1,1317,3,,,,FALSE,
,,,,,,,,,,,,,,,,,,,
8180,passive,,,spiderPushAtk,1,,,,,,蜘蛛践踏,跳跃时击退敌人,1318,3,1,,,FALSE,
8181,passive,,,spiderMoveMore,1,,,,,,长腿蜘蛛,每跳跃2次，额外跳跃1格,1318,3,,,,FALSE,
8182,passive,,,spiderBigAtk,1,,,,,,蓄力大跳,每跳跃6次，进行1次大范围跳跃攻击,1318,3,,,,FALSE,
8183,passive,,,spiderHurtBack,10,,,,,,抱脸虫,受伤时对脚下敌人造成10倍等额伤害,1318,3,,,,FALSE,
,,,,,,,,,,,,,,,,,,,
,,,,,,,,,,,,,,,,,,,
,,,,,,,,,,,,,,,,,,,
6000,spawnBomb,isOnce,,,5,,5,,,,炸弹花束,扔出5个炸弹,1501,8,,,,,
6001,buff,isOnce,,burnBuff,,nearBy,4,selfAlso,,,燃烧瓶,燃烧周围单位,1501,8,,,,,
6002,buff,isOnce,,invincibleBuff,8,self,,,,,无敌泡泡,无敌8回合,1501,8,,,,,
6003,changeCamp,isOnce,,friend,3,OcarinaOfTime,,,,,魅惑笛,附近单位转为友军,1501,8,,,,,
6004,spawn,isOnce,,spawnResource,202,,5,,,,一袋苹果,扔出5个苹果,1501,8,,,,,
6005,other,isOnce,,timeStop,12,,,,,,砸瓦鲁多,时间停止12回合,1501,8,,,,,
6006,other,isOnce,,timeBack,15,,,,,,败者食尘,将自己金币位置血量变为15回合之前,1501,8,,,,,
6007,other,isOnce,,moveToMe,10,,,,,,战斗号角,集结周围单位,1501,8,,,,,
6008,spawnBat,isOnce,,,8,,,,,,蝙蝠包,向前射出8发蝙蝠,1501,8,,,,,
6009,spawn,isOnce,,spawnShruiken,,,10,,,,暗器卷轴,扔出10个手里剑,1501,8,,,,,
6010,buff,isOnce,,freezeBuff,,nearBy,4,,,,冰冻花,冰冻周围单位,1501,8,,,,,
6011,other,isOnce,,bloodRadius,10,,,,,,吸血猫,吸食周围所有鲜血,1501,8,,,,,FALSE
6012,spawn,isOnce,,spawnUnit,21,,1,,,,小眼球,召唤1只眼球怪伙伴,1501,8,,,,,
6013,spawn,isOnce,,spawnResourceCopy,,,,,,,丰收,复制当前房间的资源,1501,8,,,,,
6014,other,isOnce,,atkUpThisRoom,1,,,,,,仪式羽毛,本房间内攻击力+1,1501,8,,,,,
6015,passive,isOnce,,AddHpMax_ONCE,1,,,,,,神奇胶囊,+1血上限,1501,8,,,,,
6016,other,isOnce,,canFlyThisRoom,,,,,,,临时翅膀,在本房间获得飞行能力,1501,8,,,,,
6017,other,isOnce,,changeEnemyToUnit,1,,203,,,,金手指,将相邻单位变成金币,1501,8,,,,,
6018,spawn,isOnce,,spawnRandomResource,,,4,,,,烤鸭,从某些死去的鸭子上搜出资源,1501,8,,,,,
6019,spawn,isOnce,,spawnUnit,831,,1,,,,便携炮台,召唤1个史莱姆炮台,1501,8,,,,,
6020,passive,isOnce,,EatDabian,10,,,,,,巧克力？,可能-10血或+10血，不尝不知道,1501,8,,,,,
,,,,,,,,,,,,,,,,,,,
,,,,,,,,,,,,,,,,,,,
7001,ability,isOnce,,changeAbilityRoomType,,Bomb,,,,only1Ch,炸弹实验,本章内：所有能力房间都是炸弹房间,1401,3,,,,,
7002,ability,isOnce,,changeAbilityRoomType,,Event,,,,only1Ch,混乱实验,本章内：所有能力房间都是问号房间,1401,3,,,,,
7003,passive,,,enemyNumRate,2,enemyHPRate,-0.5,,,only1Ch,弱小实验,本章内：小怪血量大幅减少，数量大幅增加,1401,3,,,,,
7004,passive,,,trapNumRate,40,,,,,only1Ch,陷阱实验,本章内：刷出陷阱的概率+4000%,1401,3,,,,,
7005,passive,,,changeMoneyToHp,1,,,,,only1Ch,血币实验,本章内：所有“金币”都改为“血量”,1401,3,,,,,
7006,passive,,,enemyHPRateFront3,1,,,,,only1Ch,速度实验,本章内：前3场战斗敌人血量为1,1401,3,,,,,
7007,passive,,,AddAtk,1,,,,,only1Ch,力量实验,本章内：攻击力+1,1401,3,,,,,
7008,passive,isOnce,,AddHpMax,10,AddHP,-20,,,only1Ch,空心实验,血量上限+10，血量-20,1401,3,,,,,
7009,spawn,isOnce,,spawnProp,,,3,,,only1Ch,道具实验,获得3个道具,1401,3,,,,,
,,,,,,,,,,,,,,,,,,,
,,,,,,,,,,,,,,,,,,,
7100,passive,,,DropSkill_ONCE,3,AddMoneyNum_ONCE,20,,,,回收,随机丢掉3个能力，金币+20,1298,3,,,,,
7101,passive,,,ChangeAllSkill_ONCE,,,,,,,绽放,将所有能力替换为1个随机能力,1298,3,,,,,
7102,passive,,,CopySkill_ONCE,5,AddAtk,-2,,,,恩典,随机复制1个能力5次，攻击力-2,1298,3,,,,,
7103,passive,,,ChangeAllSkillToOther_ONCE,,,,,,,制衡,丢弃所有能力，替换成同稀有度的能力,1298,3,,,,,
7104,passive,,,DropRandomSkill_ONCE,4,,,,,,保护,丢掉1~4个能力，血量上限+5~20,1298,3,,,,,
7105,passive,,,DropSkill_ONCE,6,AddAtk,2,,,,舍,随机弃掉6个能力，攻击力+2,1298,3,,,,,
7106,passive,,,CopySkill_ONCE,1,,,,,,得,随机复制1个能力,1298,3,,,,,
,,,,,,,,,,,,,,,,,,,
7200,spawnBomb,lightningOnHit,,,1,,0,,,,天降雷霆,闪电击中敌人后留下炸弹,12001202,4,,,,,
7201,passive,,,batBurn,1,,,,,,湮灭蝙蝠,所有蝙蝠带燃烧,12011204,4,,,,,
7202,passive,,,invincibleAllFriend,1,,,,,,圣光庇护,当你无敌时，所有队友也无敌,12031208,4,,,,,
7203,other,propUse,,getAllShriken,,,,,,,手里剑来,使用道具立即收集场上所有手里剑,12051206,4,,,,,
7204,passive,,,friendNumMax,5,friendHPmaxAdd,3,friendAtkAdd,1,,大军集结,友军上限+5，攻击力+1，血量+3,12031210,4,,,,,
7205,passive,,,friendHurtByBomb,1,,,,,,炸弹军团,友军被炸弹炸到会回血，且攻击力+1,12001203,4,,,,,
7206,spawnLightning,batDead,,,1,,,,,,闪电蝙蝠,蝙蝠死亡留下闪电,12011202,4,,,,,
7207,passive,,,lightningGetShruiken,3,,,,,,导电暗器,闪电劈中手里剑会收集3份,12021205,4,,,,,
7208,spawnBat,bombOver,,,,,,,,,蝙蝠炸弹,炸弹爆炸召唤蝙蝠,12001201,4,,,,,
7209,passive,,,burnDeadSpawnApple,1,,,,,,熟熟果实,树被烧毁概率掉落苹果,12041207,4,,,,,
7210,spawnBomb,atkOnTree,,,1,,5,,,,炸弹树,攻击树木扔出炸弹,12001207,4,,,,,
7211,passive,,,friendBurnCure,1,,,,,,燃烧军团,友军燃烧改为加血,12031204,4,,,,,
7212,spawnBat,friendDead,,shoot8,,,,,,,寄生蝙蝠,友军死亡召唤8向蝙蝠,12011203,4,,,,,
7213,spawnBat,activeSkill,,,,,,,,,蝙蝠机关枪,按道具键发射蝙蝠,12011206,4,,,,,
7214,passive,,,shurikenAtkFriend,1,,,,,,爱的鞭策,手里剑现在可以攻击友军，每发为其攻击+1,12031205,4,,,,,
,,,,,,,,,,,,,,,,,,,
7300,other,levelStart,,addShield,2,,,,,,连胜护甲,每关获得2点护甲,1297,2,,,,FALSE,
7301,other,isOnce,,addShield,20,,,,,,超大护甲,获得20护甲,1297,2,,,,FALSE,
7302,other,isOnce,,addShield,0,changeHP,,,,,血之护甲,把当前血量全部转化为护甲,1297,2,,,,FALSE,
7303,other,hurt,,addShield,5,,,,,,复仇护甲,受伤时获得5护甲,1297,2,,,,FALSE,
7304,other,isOnce,,addShield,5,atkup,,,,,愤怒护甲,获得5护甲，拥有护甲时，攻击力+1,1297,2,,,,FALSE,
7305,other,isOnce,,addShield,0,changeMoney,,,,,金色护甲,把当前金币全部转化为护甲,1297,2,,,,FALSE,
7306,other,levelStart,,addShield,5,addTo,,,,,魔法护甲,每关开始补充到5护甲,1297,2,,,,FALSE,
,,,,,,,,,,,,,,,,,,,
5000,passive,,,,,,,,,,魔王贴纸,无效果,,7,,,,,
5001,passive,,,firstMustMofei,1,,,,,,墨菲贴纸,开局必定遇见铁匠,,7,,,,,
5002,passive,,,soulStartBuff,0.3,,,,,,露露贴纸,灵魂获得加成30%,,7,,,,,
5003,passive,,,playerStartMoneySticker,15,,,,,,金头贴纸,开局金币+15,,7,,,,,
5004,passive,,,playerAutoDodge,0.2,,,,,,小白贴纸,20%概率自动闪避敌人攻击,,7,,,,,
5005,passive,,,playerDmgAddToEnemy,1,,,,,,黑龙贴纸,对小怪伤害+1,,7,,,,,
5006,passive,,,mustMeetGoldness,1,,,,,,女神贴纸,章节末必定遇见女神房间,,7,,,,,
5007,spawn,atk,2,spawnDemonFireFullHP,,,,,,,魔神贴纸,攻击2次发射魔神剑气,,7,,,,,
5008,passive,,,randomNotDead,1,,,,,,勇者贴纸,死亡时，50%概率直接复活,,7,,,,,
,,,,,,,,,,,,,,,,,,,
1300,Weapon_Default,onInputDir,,,,,,,,,空手,空手天下无敌,,3,,,,FALSE,
1301,Weapon_Strike,onInputDir,,,,,,,,,极电千鸟,攻击带闪现,,3,,,,FALSE,
1302,Weapon_Laser,onInputDir,,,,,,,,,眼球激光炮,远程攻击敌人，带后坐力,,3,,,,FALSE,
1303,Weapon_Punch,onInputDir,,,-1,,,,,,骷髅拳刺,二连击,,3,,,,FALSE,
1304,Weapon_Sword,onInputDir,,,1,,,,,,兰斯洛特,蓄力大剑,,3,,,,FALSE,
1305,Weapon_Crossbow,onInputDir,,,-1,,,,,,诸神连弩,边走边突突,,3,,,,FALSE,
1306,Weapon_Shield,onInputDir,,,,,,,,,钻石盾,突进与反击,,3,,,,FALSE,
1307,Weapon_Knife,onInputDir,,,-1,,,,,,暗影匕首,快速背刺敌人,,3,,,,FALSE,
1308,Weapon_Scythe,onInputDir,,,,,,,,,死神镰刀,收割一行灵魂，按道具键闪现,,3,,,,FALSE,
1309,Weapon_Yuwave,onInputDir,,,,,,,,,鱼尾化身,化身鱼尾坦,,3,,,,FALSE,
1310,Weapon_Bloodblade,onInputDir,,,,,,,,,血之刃,四连血斩,,3,,,,FALSE,
1311,Weapon_Default,onInputDir,,,-1,,,,,,黄金头颅,用钱砸死敌人,,3,,,,FALSE,
1312,Weapon_Hotdog,onInputDir,,,3,,,,,,火腿棒,重击大火腿,,3,,,,FALSE,
1313,Weapon_Demonlord,onInputDir,,,,,,,,,魔神剑,自动闪现索敌，免疫魔神剑气,,3,,,,FALSE,
1314,Weapon_Default,onInputDir,,,,,,,,,最初幻想,对武器的幻想化为了现实,,3,,,,FALSE,
1315,Weapon_Default,onInputDir,,,,,,,,,木偶魔王,召唤木偶分身,,3,,,,FALSE,FALSE
1316,Weapon_Whip,onInputDir,,,-2,,,,,,深渊触手,深渊会为你出手,,3,,,,FALSE,FALSE
1317,Weapon_Huge,onInputDir,,,,,,,,,骨龙宝宝,冲呀！龙宝！,,3,,,,FALSE,FALSE
1318,Weapon_Spider,onInputDir,,,,,,,,,蜘蛛魔王,我想去哪就去哪,,3,,,,FALSE,FALSE
,,,,,,,,,,,,,,,,,,,
,,,,,,,,,,,,,,,,,,,
1501,passive,,,SetHPMaxOne,1,AddAtk,4,,,,傲慢挑战,血量最多为1，攻击力+4,,3,,,,,
1502,passive,,,unitActionMore,3,AddAtk,1,,,,怠惰挑战,攻击力+1，但敌人1回合多动,,3,,,,,
1503,passive,levelStart,,EatSkillAndPull,2,,,,,,暴食挑战,每关吃掉2个能力，吐出2个能力,,3,,,,,
1504,passive,,,treasureAllGet,1,moreBoss,1,,,,贪婪挑战,宝箱奖励全拿，但同时面对2只BOSS,,3,,,,,
1505,passive,,,hpReduceBySecond,1,hpAddByUnitDead,5,,,,愤怒挑战,血量每秒-1，每当单位死亡+5,,3,,,,,
1506,passive,,,allLuLu,1,AddAtk,1,RefreshNPCSprite,1,,色欲挑战,满眼都是露露，攻击力+1,,3,,,,,
1507,passive,,,getAbilityCopy,1,,,,,,嫉妒挑战,获得能力时复制5份，并丢弃其他能力,,3,,,,,
,,,,,,,,,,,,,,,,,,,
,,,,,,,,,,,,,,,,,,,
1,spawn,onBorn,,spawnStoneUnit,807,,8,,,,封印石召唤小弟,,,,,,,,
2,spawn,onBorn,,spawnSpiderNest,5,,4,,,,蜘蛛女王召唤4个蜘蛛巢,,,,,,,,
3,spawn,onBorn,,spawnBallUnit,48,,8,,,,召唤铁球,,,,,,,,
4,other,onBorn,,setLattice,3,,,,,,把地图设置为不可通行,,,,,,,,
5,spawn,onBorn,,spawnUnit,850,,1,selfPos,,,炸弹猫场景多加1个砖块,,,,,,,,
6,spawn,onBorn,,spawnCatBomb,850,,15,,,,炸弹猫放炸弹,,,,,,,,
7,selfUnit,onBorn,,ShowNum,,,,,,,展示扫雷数字,,,,,,,,
8,other,onBorn,,StartDialogue,,,,,,,黑龙女皇用,雪山第1次和黑龙女皇战斗,,,,,,,
9,selfUnit,onBorn,,ChangeThroneSprite,,,,,,,改变王座1410的图片,,,,,,,,
10,selfUnit,onBorn,,SetSprite,,,,,,,幸运猎人1126开局睡觉,sleep,,,,,,,
11,passive,onBorn,,SpawnEnvironment,10,,,,,,千年树精37开场召唤场景小物体,,,,,,,,
12,spawnBomb,onBorn,,unActive,10,,1,,,,炸弹猫971传送门召唤未激活炸弹,,,,,,,,
13,other,onBorn,,yelling,,,,,,,哈气,,,,,,,,
14,other,onBorn,,getRandomSprite,,,,,,,55up随机获得1个表情,,,,,,,,
15,selfUnit,onBorn,,ChangeGrass,,,,,,,1436草改变自己的形象和方向,,,,,,,,
16,selfUnit,onBorn,,SetSprite,,,,,,,1103史莱姆,sad,,,,,,,
17,selfUnit,onBorn,,SetSprite,,,,,,,1105露露,dead,,,,,,,
18,selfUnit,onBorn,,GetHurtWord,,,,,,,告示牌805随机取1句话,,,,,,,,
19,spawn,firstTurn,,spawnSelf,,,1,,,,开局分裂,,,,,,,,
20,selfUnit,turn,,ShowNearCatBombNum,,,,,,,851展示附近炸弹数量,,,,,,,,
21,spawn,turn,,spawnDanmu,238,,3,,,,54/56召唤弹幕,,,,,,,,
22,selfUnit,turn,,SafeRoomAutoDead,,,,,,,安全的时候自动自杀,,,,,,,,
23,selfUnit,turn,,SkipActionIFNoUnit,33,,,,,,没有火腿骑士就暂停行动,,,,,,,,
24,selfUnit,turn,,TakeDamageBySelf,-999,,,,,,商人回血,,,,,,,,
25,selfUnit,turn,,GrowBigger,,,,,,,小雪球16变大,,,,,,,,
26,spawn,firstTurn,,spawnTreasure,803,,1,,,,史莱姆王1103开局送宝箱,,,,,,,,
27,selfUnit,turn,,ShowSelfByBox,802,,,,,,周围被id围住就现身,,,,,,,,
28,other,atkOnUnit,,lightning,,,,,,,触发闪电的效果,,,,,,,,
29,selfUnit,onBorn,,ShowLightningEffect,,,,,,,开局召唤闪电视觉效果,,,,,,,,
30,selfUnit,hurt,,HandleJump,1,,,,,,小鸡被打跳起来并且害怕,,,,,,,,
31,spawn,hurtByPlayer,,spawnDemonFire,,,1,,,,35魔神火被打召唤子弹,,,,,,,,
32,selfUnit,hurt,,SetSprite,,,,,,,被打变表情,hurt,,,,,,,
33,selfUnit,,,atkByFire,1,,,,,,攻击带火,,,,,,,,
34,buff,atkOnUnit,,freezeBuff,,,,,,,攻击带冰,,,,,,,,
35,spawnBat,hurt,,self,,,,,,,被打召唤蝙蝠830用,,,,,,,,
36,other,hurt,,spawnBullet,232,,,,,,被打召唤魔神火846魔神树,,,,,,,,
37,other,hurt,,addMoveForce,,,,,,,被打获得动量46/47/48,,,,,,,,
38,other,hurtAbout0,,autoParry,,,,,,,全自动弹反1106,,,,,,,,
39,buff,onBorn,,invincibleBuff,50,,,,,,魔神剑开局无敌,,,,,,,,
40,other,hurt,,inRock,,,,,,,被打进入滚石状态,,,,,,,,
41,spawn,hurt,,spawnResource,203,,1,,,,受伤掉1金币,,,,,,,,
42,selfUnit,hurtByPlayer,,EVEButtonPress,1,,,,,,下注按钮841,,,,,,,,
43,selfUnit,hurtByPlayer,,EVEButtonPress,2,,,,,,下注按钮842,,,,,,,,
44,selfUnit,hurtByPlayer,,PlaySound,,,,,,,阿拉,talk_gamer,,,,,,,
45,selfUnit,hurtByPlayer,,PlaySound,,,,,,,汪汪,talk_dog,,,,,,,
46,selfUnit,hurtByPlayer,,SetSprite,,,,,,,幸运猎人,happy,,,,,,,
47,other,hurtByPlayer,,donate,1,,,,,,捐款1109,,,,,,,,
48,selfUnit,hurtByPlayer,,ShowMofeiSticker,,,,,,,853贴纸展示墨菲收集进度,,,,,,,,
49,other,hurtByPlayer,,catChange,1,,,,,,小猫换钱,,,,,,,,
50,selfUnit,hurtByPlayer,,GetSoulByMoney,10,,,,,,金币换灵魂835,,,,,,,,
51,selfUnit,hurtByPlayer,,ChangeLuckyHunterCard,,,,,,,被打切换卡片,,,,,,,,
52,selfUnit,hurtByPlayer,,ShowBookRoad,,,,,,,978展示七宗罪挑战进度,,,,,,,,
53,selfUnit,hurtByPlayer,,ShowGoldSkullRoad,,,,,,,1121展示金骷髅进度,,,,,,,,
54,selfUnit,firstTurn,,ShowSoulPrice,200,,,,,,848展示灵魂价格,,,,,,,,
55,selfUnit,turn,,ShowPlayPrice,,,,,,,829展示抽奖价格,,,,,,,,
56,other,onDead,,demonExplode,1,,,,,,魔神232火爆炸,,,,,,,,
57,selfUnit,atkOnUnit,,HandleBulletBound,,,,,,,子弹撞到单位反弹,,,,,,,,
58,other,atkOnUnit,,getFireByFire,,,,,,,子弹经过火自己也着火,,,,,,,,
59,emoji,onOverLap,,happy,3,,,,,,天使表情,,,,,,,,
60,emoji,onOverLap,,demon,1,,,,,,恶魔表情,,,,,,,,
61,emoji,onOverLap,,sad,,,,,,,哭表情,,,,,,,,
62,emoji,onOverLap,,freeze,,,,,,,冰冻表情,,,,,,,,
63,buff,onGroundOverLap,,burnBuff,,,,,,,踩中着火,,,,,,,,
64,showUI,onDead,,showLuLuUI,,,,,,,死亡打开露露UI,,,,,,,,
65,showUI,onDead,,showLuckyUI,,,,,,,死亡打开幸运UI,,,,,,,,
66,showUI,onDead,,showDogUI,,,,,,,死亡打开小狗UI,,,,,,,,
67,other,onDead,,openSoulBox,200,,,,,,死亡打开灵魂宝箱,,,,,,,,
68,showUI,onDead,,showMirrorUI,,,,,,,死亡打开难度界面,,,,,,,,
69,showUI,onDead,,showBookUI,,,,,,,死亡打开图鉴界面,,,,,,,,
70,other,onDead,,catBomb,10,,,,,,扫雷效果,10指的是无敌10回合,,,,,,,
71,other,onDead,,setLattice,0,,,,,,死亡可通行,,,,,,,,
72,other,onDead,,gameButton,,,,,,,抽奖按钮,,,,,,,,
73,other,onDead,,unlockWeapon,1312,,,,,,解锁火腿棒,,,,,,,,
74,other,onDead,,bloodGodnessDead,1310,,,,,,解锁血之刃,,,,,,,,
75,other,onDead,,refreshLevel,,,,,,,刷新关卡,,,,,,,,
76,spawn,onDead,,spawnDragon,,,,,,,死亡召唤龙,,,,,,,,
77,spawn,onDead,,spawnChicken,30,,13,,,,死亡召唤小鸡,,,,,,,,
78,other,onDead,,checkLastChicken,9969,,,,,,死亡小鸡奖励,,,,,,,,
79,spawn,onDead,,spawnResource,203,,1,selfPos,,,死亡掉1金币,,,,,,,,
80,spawn,onDead,,spawnUnit,990,,1,selfPos,,,死亡召唤商人门,,,,,,,,
81,spawn,onDead,,spawnUnit,975,,1,selfPos,,,死亡召唤史莱姆门,,,,,,,,
82,other,onDead,,checkCaiHuaDead,66,,7101,,,,菜花大于x个召唤能力,,,,,,,,
83,spawn,onDead,,spawnUnit,6,,1,selfPos,,,死亡召唤精英兵,,,,,,,,
84,spawn,onDead,,spawnRandomResource,,,1,,,,死亡召唤随机资源,,,,,,,,
85,other,onDead,,resetSightRange,,,,,,,死亡重设视野,,,,,,,,
86,other,onDead,,996Reborn,,,,,,,木偶复活,,,,,,,,
87,spawn,onDead,,spawnSecretMoney,210,,50,,,,私房钱,,,,,,,,
88,spawn,onDead,,spawnTreeMan,,,,,,,死亡概率召唤树人,,,,,,,,
89,spawn,onDead,,spawnSecretTree,0.01,,1,,0,,概率召唤树精/苹果/炸弹,,,,,,,,
90,spawn,onDead,,spawnUnit,821,,1,selfPos,,,死亡召唤冰面,,,,,,,,
91,spawn,onDead,,spawnUnit,231,,1,selfPos,,,死亡召唤冰史,,,,,,,,
92,spawn,onDead,,spawnResource,210,,50,,,,死亡召唤大量魂,,,,,,,,
93,spawn,onDead,,spawnSplit,105,,3,,,,死亡召唤中胖,,,,,,,,
94,spawn,onDead,,spawnSplit,106,,3,,,,死亡召唤小胖,,,,,,,,
95,spawn,onDead,,spawnSplit,10,,2,,,,死亡召唤小史,,,,,,,,
96,other,onDead,,bodyDead,,,,,,,鱼维坦死亡,,,,,,,,
97,spawn,onBorn,,spawnUnit,986,,1,selfPos,,,300金骷髅给自己盖住,,,,,,,,
98,spawn,onBorn,,spawnUnit,801,,1,selfPos,,,311金骷髅给自己盖住,,,,,,,,
99,other,onBorn,,disappear,,,,,,,313金骷髅暂时消失,,,,,,,,
100,other,onDead,,catDead,,,,,,,炸弹猫死亡,,,,,,,,
101,ability,onDoorDead,,handleBossDoor,116,,16,,15,,990商人,,,,,,,,
102,ability,onDoorDead,,handleBossDoor,50,,15,,14,,976宝箱大王,,,,,,,,
103,ability,onDoorDead,,handleBossDoor,51,,15,,14,,975史莱姆王,,,,,,,,
104,ability,onDoorDead,,handleBossDoor,37,,13,,13,,972树精,,,,,,,,
105,ability,onDoorDead,,handleBossDoor,52,,9,,14,,971炸弹猫,,,,,,,,
106,ability,onDoorDead,,handleBossDoor,53,,15,,14,,970龙蝇,,,,,,,,
107,ability,onDoorDead,,handleBossDoor,54,,15,,14,,969小电视,,,,,,,,
108,ability,onDoorDead,,chDoor,21,,,,,,977新手村传送门,,,,,,,,
109,player,firstTurn,,changeRandomWeapon,,,,,,,开局随机换武器,,,,,,,,
110,spawn,firstTurn,,spawnAvatar,,,,,,,开局召唤分身,,,,,,,,
111,other,onPlayerOverLap,,addMoney,1,,,,,,踩中获得1金币,,,,,,,,
112,other,onPlayerOverLap,,addMoney,3,,,,,,踩中获得3金币,,,,,,,,
113,other,onPlayerOverLap,,addApple,1,,,,,,踩中回复1血,,,,,,,,
114,other,onPlayerOverLap,,addApple,3,,,,,,踩中回复3血,,,,,,,,
115,other,onPlayerOverLap,,addSoul,1,,,,,,210踩中获得1魂,,,,,,,,
116,other,onPlayerOverLap,,addKey,1,,,,,,216踩中获得1钥匙,,,,,,,,
117,other,onPlayerOverLap,,unlockWeapon,1305,,,,,,218解锁连弩武器,,,,,,,,
118,spawn,onOverLap,,spawnIceAtkDelay,820,,,,,,836天上掉冰墙,,,,,,,,
119,other,onOverLap,,lapEnvironemnt,,,,,,,1436踩中环境,,,,,,,,
120,other,onPlayerOverLap,,damage,10,,,,,,902必掉血陷阱,,,,,,,,
121,other,onGroundOverLap,,iceRun,,,,,,,821冰面,,,,,,,,
122,other,onGroundOverLap,,waterFly,,,,,,,819喷泉,,,,,,,,
123,other,onGroundOverLap,,bombExplode,,,,,,,219地雷,,,,,,,,
124,other,onPlayerOverLap,,addSoul,5,,,,,,242踩中获得5魂,,,,,,,,
125,ability,onDoorDead,,handleAbilityDoor,,devil,,,,,967去女神房间,,,,,,,,
126,other,onBorn,,tileSprite,,,,,,,804水837悬崖,,,,,,,,
127,other,onGroundOverLap,,waterDead,,,,,,,掉水里,,,,,,,,
128,spawn,onDropInWater,,spawnUnit,828,,1,selfPos,,,849掉水里召唤浮木,,,,,,,,
129,other,onBorn,,setLattice,0,,,,,,出生可通行,,,,,,,,
130,other,onOverLap,,bodyAtk,,,,,,,209身体,,,,,,,,
131,other,turn,,showSelfWhenOverLap,1122,,,,,,被1122碰到就现身,,,,,,,,
132,other,turn,,hideHpBar,,,,,,,隐藏血条,,,,,,,,
133,spawn,onDead,,spawnResource,202,,1,,,,死亡召唤苹果,,,,,,,,
134,selfUnit,turn,,ShowLightningEffect,,,,,,,攻击带闪电视觉效果,,,,,,,,
135,other,onBorn,,onWaterCheck,,,,,,,把水变成可通行,,,,,,,,
136,showUI,onDead,,showInputUI,,,,,,,死亡打开种子UI,,,,,,,,
137,ability,onDoorDead,,handleAbilityDoor,,weapon,,,,,966去锻造房间,,,,,,,,
138,ability,onDoorDead,,bossRushDoor,,,,,,,965BOSSRUSH传送门,,,,,,,,
139,other,firstTurn,,surrender,,,,,,,幸运猎人投降,,,,,,,,
140,ability,onDoorDead,,handleBossDoor,36,,15,,14,,955女神BOSS,,,,,,,,
141,other,onBorn,,rotateForever,,,,,,,永久旋转,,,,,,,,
142,other,hurtByPlayer,,donateKey,,,,,,,1115老奶捐款,,,,,,,,
143,other,onBorn,,checkKeyBox,,,,,,,1115检查开口,,,,,,,,
144,other,hurtByPlayer,,changeFireOrNot,,,,,,,813熄灭打开,,,,,,,,
145,other,onBorn,,setDark,,,,,,,813开局熄灭,,,,,,,,
146,other,onDead,,checkEgg,,,,,,,1116检查龙蛋,,,,,,,,
147,spawn,onDropInWater,,spawnUnit,856,,1,selfPos,,,802掉水里召唤浮箱,,,,,,,,
148,ability,onDoorDead,,chDoor,11,,,,,,964密道传送门,,,,,,,,
149,other,hurtByPlayer,,useKeyOpen,1,,,,,,818钥匙开木门,,,,,,,,
150,other,onBorn,,changeSpriteInCh,11,change,,,,,999在地牢变形象,,,,,,,,
151,spawn,turn,5,spawnUnit,61,,1,enemy,,,122召唤幽灵,,,,,,,,
152,selfUnit,hurt,,SetSprite,,,,,,,1131被打哭,sad,,,,,,,
153,other,onDead,,StartDialogue,,,,,,,1131被打死,史莱姆王在岛上被打死,,,,,,,
154,other,onDead,,killAllEnemy,,,,,,,打死消灭所有敌人,,,,,,,,
155,selfUnit,onBorn,,SetSprite,,,,,,,1132史莱姆开心,happy,,,,,,,
156,ability,onDead,,cannonDead,,,,,,,831加农死亡,,,,,,,,
157,ability,turn,,cannonTurn,,,,,,,831加农每回合,,,,,,,,
158,ability,hurtByPlayer,,cannonHurt,,,,,,,831加农被打,,,,,,,,
159,other,turn,,checkOpenGate,,,,,,,1448骷髅头解谜,,,,,,,,
160,ability,onDoorDead,,handleAbilityDoor,,cave,,,,,963去洞窟房间,,,,,,,,
161,other,onDead,,lightDemonSoul,,,,,,,861灵魂灯,,,,,,,,
162,spawn,onDead,,spawnUnit,803,,1,selfPos,,,精英怪掉道具袋,,,,,,,,
163,other,onDead,,treasureGame,,,,,,,1134抽宝箱,,,,,,,,
164,other,onDead,,chooseAbilityID,,,,,,,863选中融合能力,,,,,,,,
165,other,onBorn,,reducePlayerSight,99,,,,,,124开局减少玩家视野,,,,,,,,
166,other,onBorn,,addBaseBlack,0.5,,,,,,124开局全体变黑,,,,,,,,
167,other,turn,,checkFireAllLight,,,,,,,124检查是不是都点亮了,,,,,,,,
168,buff,hurtByBomb,,scareBuff,,self,,,,,124被炸弹炸了恐惧,,,,,,,,
169,spawnBomb,onBorn,,unActive,20,,10,,,,124开场召唤未激活炸弹,,,,,,,,
170,spawn,hurt,2,spawnResource,203,,1,,,,受伤2次掉1金币,,,,,,,,
171,ability,onDoorDead,,handleBossDoor,124,,18,,14,,962年兽,,,,,,,,
172,other,hurtByPlayer,,wishWaterGoDoor,962,,,,,,866许愿池去年兽,,,,,,,,
173,spawn,onOverLap,,spawnBulletRight,232,,,,,,867踩中触发左侧魔神剑气,,,,,,,,
174,other,onDead,,appleGameButton,247,,,,,,868苹果抽奖按钮,,,,,,,,
175,other,hurt,,hurtByAppleGame,247,,,,,,869苹果托盘,,,,,,,,
176,spawn,onBorn,,spawnBossFriend,67,,3,,,,66召唤幽灵伙伴,,,,,,,,
177,showUI,onDead,,showSkinUI,,,,,,,961死亡打开皮肤UI,,,,,,,,
178,selfUnit,onDead,,PlaySound,,,,,,,985解谜成功,puzzleSuccese,,,,,,,
179,other,hurt,,hurtBy870,,,,,,,870被打合体,,,,,,,,
180,selfUnit,turn,,TakeDamageBySelf,-9,,,,,,66回血,,,,,,,,
181,selfUnit,onBorn,,UpdateShowNum,,,,,,,870开场展示数字,,,,,,,,
182,ability,onDoorDead,,handleBossDoor,66,,16,,14,,960猪猪存钱罐,,,,,,,,
183,spawn,onBorn,,spawnResource,203,,6,,,,960猪猪存钱罐,,,,,,,,
184,other,onDead,,murderBy870,,,,,,,871被打x2,,,,,,,,
185,other,onBorn,,StartDialogue,,,,,,,123开局说话,超大史莱姆王第1次相遇,,,,,,,
186,spawn,hurt,2,spawnSlime,,,1,enemy,,,123被打召唤史莱姆,,,,,,,,
187,other,hurtByPlayer,,showDonateHP,,,,,,,1104女神被打,,,,,,,,
189,spawn,onDead,,spawnResource,210,,3,,,,精英怪掉灵魂,,,,,,,,
190,showUI,onDead,,showRoyalSkinUI,,,,,,,959死亡打开王城装饰UI,,,,,,,,
191,other,onOverLap,,birdFly,,,,,,,1453小鸟起飞,,,,,,,,
192,other,onBorn,,startBirdIdleAnmi,,,,,,,1453小鸟待机,,,,,,,,
193,showUI,onDead,,showLeaderBoardUI,,,,,,,1136打开排行榜UI,,,,,,,,
194,other,onBorn,,setSpriteByCheck,1,,,,,,1465幸运猎人,,,,,,,,
195,other,onBorn,,setSpriteByCheck,2,,,,,,1466闪电公爵,,,,,,,,
196,other,onBorn,,setSpriteByCheck,3,,,,,,1464黑龙女皇,,,,,,,,
197,other,hurt,10,moveAway,7,,,,,,11帅被打闪现,,,,,,,,
198,other,onGroundOverLap,,damage,1,,,,,,222岩浆玩家踩了还掉血,,,,,,,,
199,showUI,onDead,,showCommentUI,,,,,,,1137打开评价UI,,,,,,,,
200,other,onBorn,,setSpriteByCheck,4,,,,,,1462魔王右手/小狗,,,,,,,,
201,other,onBorn,,setSpriteByCheck,5,,,,,,1463勇者,,,,,,,,
202,passive,onBorn,,stopAllSkill,1,,,,,,67锁住所有技能,,,,,,,,
203,ability,onDoorDead,,chDoor,21,must,,,,,957新手虫洞,,,,,,,,
204,ability,onDoorDead,,chDoor,11,must,,,,,956直接去地牢,,,,,,,,
205,selfUnit,onDead,,PlaySound,,,,,,,833罐头破碎,bottleBroken,,,,,,,
206,other,onDead,,playBorkenEffect,,,,,,,833罐头破碎,,,,,,,,
207,other,turn,,unlockNoHurt,100,,,,,,100回合不打勇者,,,,,,,,
208,other,onOverLap,,lapSkeletonEnvironemnt,,,,,,,1470踩中环境,,,,,,,,
209,selfUnit,hurt,,PlaySound,,,,,,,68被打哭泣,hurt_cry,,,,,,,
210,spawn,onDead,,spawnProp,6003,,1,,,,69死亡获得魅惑笛,,,,,,,,
211,spawn,onDead,,spawnResource,210,,10,,,,69死亡灵魂,,,,,,,,
212,showUI,hurtByPlayer,10,showNpcUI,,battleCanShow,,,,,墨菲展示UI,,,,,,,,
213,other,onDead,,hurtBackEnemy,,,,,,,849死亡对敌人反伤,,,,,,,,
214,other,onBorn,,changeBaZi,,,,,,,1473靶子彩蛋,,,,,,,,
215,showUI,onDead,,showFriendUI,,,,,,,死亡打开联机界面,,,,,,,,
